Program,Category,Category Name,Expenses,Revenues,Total Result
311 Toronto,100A,Salaries And Benefits,15371796,,15371796
311 Toronto,200A,Materials & Supplies,16258,,16258
311 Toronto,300A,Equipment,25357,,25357
311 Toronto,400A,Service And Rent,1461339,,1461339
311 Toronto,510A,Contribution To Reserves/Reserve Funds,25905,,25905
311 Toronto,700A,Inter-Divisional Charges,192020,,192020
311 Toronto,750A,Inter-Divisional Recoveries,,-5293589,-5293589
311 Toronto,920A,Transfers From Capital,,-2550477,-2550477
Affordable Housing Office,100A,Salaries And Benefits,2244944,,2244944
Affordable Housing Office,200A,Materials & Supplies,12923,,12923
Affordable Housing Office,300A,Equipment,2044,,2044
Affordable Housing Office,400A,Service And Rent,168672,,168672
Affordable Housing Office,510A,Contribution To Reserves/Reserve Funds,5647,,5647
Affordable Housing Office,700A,Inter-Divisional Charges,329221,,329221
Affordable Housing Office,750A,Inter-Divisional Recoveries,,-125076,-125076
Affordable Housing Office,805A,Provincial Subsidies,,-1045419,-1045419
Affordable Housing Office,930A,Contribution From Reserves/Reserve Funds,,-399000,-399000
Arena Boards of Management,100A,Salaries And Benefits,4348489,,4348489
Arena Boards of Management,200A,Materials & Supplies,2147208,,2147208
Arena Boards of Management,300A,Equipment,43508,,43508
Arena Boards of Management,400A,Service And Rent,1031504,,1031504
Arena Boards of Management,505A,Contribution To Capital,559519,,559519
Arena Boards of Management,510A,Contribution To Reserves/Reserve Funds,270175,,270175
Arena Boards of Management,850A,User Fees & Donations,,-7382943,-7382943
Arena Boards of Management,940A,Sundry and Other Revenues,,-1024225,-1024225
Association of Community Centres,100A,Salaries And Benefits,6620822,,6620822
Association of Community Centres,200A,Materials & Supplies,449823,,449823
Association of Community Centres,300A,Equipment,3337,,3337
Association of Community Centres,400A,Service And Rent,789847,,789847
Association of Community Centres,510A,Contribution To Reserves/Reserve Funds,29231,,29231
Association of Community Centres,650A,Other Expenditures,7000,,7000
Association of Community Centres,850A,User Fees & Donations,,-252713,-252713
Association of Community Centres,930A,Contribution From Reserves/Reserve Funds,,-169000,-169000
Association of Community Centres,940A,Sundry and Other Revenues,,-1500,-1500
Auditor General's Office,100A,Salaries And Benefits,4520927,,4520927
Auditor General's Office,200A,Materials & Supplies,15950,,15950
Auditor General's Office,300A,Equipment,8121,,8121
Auditor General's Office,400A,Service And Rent,142383,,142383
Auditor General's Office,510A,Contribution To Reserves/Reserve Funds,7681,,7681
Auditor General's Office,700A,Inter-Divisional Charges,22272,,22272
Capital & Corporate Financing,505A,Contribution To Capital,227642150,,227642150
Capital & Corporate Financing,510A,Contribution To Reserves/Reserve Funds,18911638,,18911638
Capital & Corporate Financing,650A,Other Expenditures,454045125,,454045125
Capital & Corporate Financing,700A,Inter-Divisional Charges,933106,,933106
Capital & Corporate Financing,750A,Inter-Divisional Recoveries,,-2777457,-2777457
Capital & Corporate Financing,805A,Provincial Subsidies,,-1431000,-1431000
Capital & Corporate Financing,930A,Contribution From Reserves/Reserve Funds,,-51873000,-51873000
Capital & Corporate Financing,940A,Sundry and Other Revenues,,-2324441,-2324441
Children's Services,100A,Salaries And Benefits,86275556,,86275556
Children's Services,200A,Materials & Supplies,2522376,,2522376
Children's Services,300A,Equipment,725526,,725526
Children's Services,400A,Service And Rent,356236607,,356236607
Children's Services,510A,Contribution To Reserves/Reserve Funds,1280749,,1280749
Children's Services,650A,Other Expenditures,715176,,715176
Children's Services,700A,Inter-Divisional Charges,4724215,,4724215
Children's Services,750A,Inter-Divisional Recoveries,,-9475000,-9475000
Children's Services,805A,Provincial Subsidies,,-329669770,-329669770
Children's Services,850A,User Fees & Donations,,-19169600,-19169600
Children's Services,920A,Transfers From Capital,,-1764361,-1764361
Children's Services,930A,Contribution From Reserves/Reserve Funds,,-15639446,-15639446
City Clerk's Office,100A,Salaries And Benefits,39264578,,39264578
City Clerk's Office,200A,Materials & Supplies,1343848,,1343848
City Clerk's Office,300A,Equipment,69057,,69057
City Clerk's Office,400A,Service And Rent,7001637,,7001637
City Clerk's Office,510A,Contribution To Reserves/Reserve Funds,464633,,464633
City Clerk's Office,650A,Other Expenditures,32517,,32517
City Clerk's Office,700A,Inter-Divisional Charges,1082271,,1082271
City Clerk's Office,750A,Inter-Divisional Recoveries,,-8766500,-8766500
City Clerk's Office,850A,User Fees & Donations,,-580287,-580287
City Clerk's Office,920A,Transfers From Capital,,-1351000,-1351000
City Clerk's Office,930A,Contribution From Reserves/Reserve Funds,,-5779510,-5779510
City Clerk's Office,940A,Sundry and Other Revenues,,-937920,-937920
City Council,100A,Salaries And Benefits,18672088,,18672088
City Council,200A,Materials & Supplies,1253604,,1253604
City Council,300A,Equipment,182000,,182000
City Council,400A,Service And Rent,371500,,371500
City Council,510A,Contribution To Reserves/Reserve Funds,99217,,99217
City Council,700A,Inter-Divisional Charges,244219,,244219
City Council,930A,Contribution From Reserves/Reserve Funds,,-130000,-130000
City Manager's Office,100A,Salaries And Benefits,50442411,,50442411
City Manager's Office,200A,Materials & Supplies,195103,,195103
City Manager's Office,300A,Equipment,115286,,115286
City Manager's Office,400A,Service And Rent,4640064,,4640064
City Manager's Office,510A,Contribution To Reserves/Reserve Funds,107750,,107750
City Manager's Office,700A,Inter-Divisional Charges,256587,,256587
City Manager's Office,750A,Inter-Divisional Recoveries,,-4862408,-4862408
City Manager's Office,920A,Transfers From Capital,,-2323394,-2323394
City Manager's Office,930A,Contribution From Reserves/Reserve Funds,,-1001133,-1001133
City Manager's Office,940A,Sundry and Other Revenues,,-188746,-188746
City Planning,100A,Salaries And Benefits,39656303,,39656303
City Planning,200A,Materials & Supplies,187728,,187728
City Planning,300A,Equipment,163544,,163544
City Planning,400A,Service And Rent,1572966,,1572966
City Planning,510A,Contribution To Reserves/Reserve Funds,81224,,81224
City Planning,650A,Other Expenditures,400700,,400700
City Planning,700A,Inter-Divisional Charges,1013623,,1013623
City Planning,850A,User Fees & Donations,,-24205978,-24205978
City Planning,920A,Transfers From Capital,,-2372893,-2372893
City Planning,940A,Sundry and Other Revenues,,-898350,-898350
Court Services,100A,Salaries And Benefits,19782539,,19782539
Court Services,200A,Materials & Supplies,157746,,157746
Court Services,300A,Equipment,105375,,105375
Court Services,400A,Service And Rent,8147390,,8147390
Court Services,510A,Contribution To Reserves/Reserve Funds,84376,,84376
Court Services,650A,Other Expenditures,1820187,,1820187
Court Services,700A,Inter-Divisional Charges,19433482,,19433482
Court Services,750A,Inter-Divisional Recoveries,,-6918834,-6918834
Court Services,850A,User Fees & Donations,,-281999,-281999
Court Services,940A,Sundry and Other Revenues,,-47382900,-47382900
Economic Development & Culture,100A,Salaries And Benefits,28715391,,28715391
Economic Development & Culture,200A,Materials & Supplies,1443392,,1443392
Economic Development & Culture,300A,Equipment,127604,,127604
Economic Development & Culture,400A,Service And Rent,14890084,,14890084
Economic Development & Culture,510A,Contribution To Reserves/Reserve Funds,964012,,964012
Economic Development & Culture,650A,Other Expenditures,30911122,,30911122
Economic Development & Culture,700A,Inter-Divisional Charges,601526,,601526
Economic Development & Culture,805A,Provincial Subsidies,,-2775200,-2775200
Economic Development & Culture,810A,Federal Subsidies,,-1686672,-1686672
Economic Development & Culture,820A,Other Subsidies,,-37000,-37000
Economic Development & Culture,850A,User Fees & Donations,,-2406616,-2406616
Economic Development & Culture,860A,Licences & Permits Revenue,,-735406,-735406
Economic Development & Culture,920A,Transfers From Capital,,-1036000,-1036000
Economic Development & Culture,930A,Contribution From Reserves/Reserve Funds,,-8909517,-8909517
Economic Development & Culture,940A,Sundry and Other Revenues,,-6157855,-6157855
Engineering & Construction Services,100A,Salaries And Benefits,58244161,,58244161
Engineering & Construction Services,200A,Materials & Supplies,392605,,392605
Engineering & Construction Services,300A,Equipment,255308,,255308
Engineering & Construction Services,400A,Service And Rent,3342054,,3342054
Engineering & Construction Services,510A,Contribution To Reserves/Reserve Funds,797047,,797047
Engineering & Construction Services,700A,Inter-Divisional Charges,3807792,,3807792
Engineering & Construction Services,750A,Inter-Divisional Recoveries,,-175570,-175570
Engineering & Construction Services,850A,User Fees & Donations,,-5292538,-5292538
Engineering & Construction Services,860A,Licences & Permits Revenue,,-1620000,-1620000
Engineering & Construction Services,920A,Transfers From Capital,,-49248456,-49248456
Engineering & Construction Services,940A,Sundry and Other Revenues,,-2957407,-2957407
Exhibition Place,100A,Salaries And Benefits,33109005,,33109005
Exhibition Place,200A,Materials & Supplies,3658325,,3658325
Exhibition Place,300A,Equipment,176840,,176840
Exhibition Place,400A,Service And Rent,13739282,,13739282
Exhibition Place,510A,Contribution To Reserves/Reserve Funds,2097145,,2097145
Exhibition Place,650A,Other Expenditures,-14601989,,-14601989
Exhibition Place,850A,User Fees & Donations,,-35146509,-35146509
Exhibition Place,930A,Contribution From Reserves/Reserve Funds,,-3284407,-3284407
"Facilities, Real Estate, Environment & Energy",100A,Salaries And Benefits,94290567,,94290567
"Facilities, Real Estate, Environment & Energy",200A,Materials & Supplies,30446859,,30446859
"Facilities, Real Estate, Environment & Energy",300A,Equipment,543894,,543894
"Facilities, Real Estate, Environment & Energy",400A,Service And Rent,54589232,,54589232
"Facilities, Real Estate, Environment & Energy",510A,Contribution To Reserves/Reserve Funds,2096530,,2096530
"Facilities, Real Estate, Environment & Energy",650A,Other Expenditures,6460904,,6460904
"Facilities, Real Estate, Environment & Energy",700A,Inter-Divisional Charges,1448432,,1448432
"Facilities, Real Estate, Environment & Energy",750A,Inter-Divisional Recoveries,,-50194952,-50194952
"Facilities, Real Estate, Environment & Energy",805A,Provincial Subsidies,,-250000,-250000
"Facilities, Real Estate, Environment & Energy",810A,Federal Subsidies,,-220480,-220480
"Facilities, Real Estate, Environment & Energy",850A,User Fees & Donations,,-43046355,-43046355
"Facilities, Real Estate, Environment & Energy",920A,Transfers From Capital,,-9849244,-9849244
"Facilities, Real Estate, Environment & Energy",930A,Contribution From Reserves/Reserve Funds,,-11945307,-11945307
"Facilities, Real Estate, Environment & Energy",940A,Sundry and Other Revenues,,-8052725,-8052725
Fire Services,100A,Salaries And Benefits,400338209,,400338209
Fire Services,200A,Materials & Supplies,7836460,,7836460
Fire Services,300A,Equipment,1028345,,1028345
Fire Services,400A,Service And Rent,6413115,,6413115
Fire Services,510A,Contribution To Reserves/Reserve Funds,9583968,,9583968
Fire Services,700A,Inter-Divisional Charges,7688615,,7688615
Fire Services,750A,Inter-Divisional Recoveries,,-247406,-247406
Fire Services,805A,Provincial Subsidies,,-400000,-400000
Fire Services,850A,User Fees & Donations,,-13563515,-13563515
Fire Services,920A,Transfers From Capital,,-231765,-231765
Fire Services,930A,Contribution From Reserves/Reserve Funds,,-404000,-404000
Fire Services,940A,Sundry and Other Revenues,,-2153500,-2153500
Fleet Services,100A,Salaries And Benefits,17472775,,17472775
Fleet Services,200A,Materials & Supplies,24234118,,24234118
Fleet Services,300A,Equipment,116437,,116437
Fleet Services,400A,Service And Rent,7643296,,7643296
Fleet Services,510A,Contribution To Reserves/Reserve Funds,660028,,660028
Fleet Services,700A,Inter-Divisional Charges,582328,,582328
Fleet Services,750A,Inter-Divisional Recoveries,,-47687225,-47687225
Fleet Services,920A,Transfers From Capital,,-116482,-116482
Fleet Services,930A,Contribution From Reserves/Reserve Funds,,-121000,-121000
Fleet Services,940A,Sundry and Other Revenues,,-2784273,-2784273
Heritage Toronto,100A,Salaries And Benefits,550300,,550300
Heritage Toronto,200A,Materials & Supplies,70400,,70400
Heritage Toronto,400A,Service And Rent,133500,,133500
Heritage Toronto,510A,Contribution To Reserves/Reserve Funds,1266,,1266
Heritage Toronto,650A,Other Expenditures,6000,,6000
Heritage Toronto,805A,Provincial Subsidies,,-36200,-36200
Heritage Toronto,810A,Federal Subsidies,,-70000,-70000
Heritage Toronto,850A,User Fees & Donations,,-192500,-192500
Heritage Toronto,940A,Sundry and Other Revenues,,-150800,-150800
Information & Technology,100A,Salaries And Benefits,94653797,,94653797
Information & Technology,200A,Materials & Supplies,122495,,122495
Information & Technology,300A,Equipment,1243247,,1243247
Information & Technology,400A,Service And Rent,24903595,,24903595
Information & Technology,510A,Contribution To Reserves/Reserve Funds,126565,,126565
Information & Technology,650A,Other Expenditures,396,,396
Information & Technology,700A,Inter-Divisional Charges,490951,,490951
Information & Technology,750A,Inter-Divisional Recoveries,,-13508878,-13508878
Information & Technology,850A,User Fees & Donations,,-186103,-186103
Information & Technology,920A,Transfers From Capital,,-30600915,-30600915
Information & Technology,930A,Contribution From Reserves/Reserve Funds,,-4220064,-4220064
Information & Technology,940A,Sundry and Other Revenues,,-726349,-726349
Integrity Commissioner's Office,100A,Salaries And Benefits,387754,,387754
Integrity Commissioner's Office,200A,Materials & Supplies,1556,,1556
Integrity Commissioner's Office,300A,Equipment,6452,,6452
Integrity Commissioner's Office,400A,Service And Rent,27242,,27242
Integrity Commissioner's Office,510A,Contribution To Reserves/Reserve Funds,4365,,4365
Integrity Commissioner's Office,700A,Inter-Divisional Charges,400,,400
Legal Services,100A,Salaries And Benefits,40463694,,40463694
Legal Services,200A,Materials & Supplies,407331,,407331
Legal Services,300A,Equipment,109558,,109558
Legal Services,400A,Service And Rent,1410603,,1410603
Legal Services,510A,Contribution To Reserves/Reserve Funds,69502,,69502
Legal Services,700A,Inter-Divisional Charges,7107200,,7107200
Legal Services,750A,Inter-Divisional Recoveries,,-22162478,-22162478
Legal Services,850A,User Fees & Donations,,-2529571,-2529571
Legal Services,920A,Transfers From Capital,,-1162621,-1162621
Legal Services,930A,Contribution From Reserves/Reserve Funds,,-300000,-300000
Legal Services,940A,Sundry and Other Revenues,,-3106558,-3106558
Long Term Care Homes & Services,100A,Salaries And Benefits,197781300,,197781300
Long Term Care Homes & Services,200A,Materials & Supplies,18590200,,18590200
Long Term Care Homes & Services,300A,Equipment,2873400,,2873400
Long Term Care Homes & Services,400A,Service And Rent,20187422,,20187422
Long Term Care Homes & Services,510A,Contribution To Reserves/Reserve Funds,1901532,,1901532
Long Term Care Homes & Services,650A,Other Expenditures,114850,,114850
Long Term Care Homes & Services,700A,Inter-Divisional Charges,689923,,689923
Long Term Care Homes & Services,750A,Inter-Divisional Recoveries,,-72800,-72800
Long Term Care Homes & Services,805A,Provincial Subsidies,,-146819121,-146819121
Long Term Care Homes & Services,850A,User Fees & Donations,,-48652700,-48652700
Long Term Care Homes & Services,920A,Transfers From Capital,,-260000,-260000
Long Term Care Homes & Services,940A,Sundry and Other Revenues,,-138000,-138000
Mayor's Office,100A,Salaries And Benefits,2199586,,2199586
Mayor's Office,200A,Materials & Supplies,5000,,5000
Mayor's Office,400A,Service And Rent,87524,,87524
Mayor's Office,700A,Inter-Divisional Charges,5000,,5000
Municipal Licensing & Standards,100A,Salaries And Benefits,42021565,,42021565
Municipal Licensing & Standards,200A,Materials & Supplies,1118858,,1118858
Municipal Licensing & Standards,300A,Equipment,407381,,407381
Municipal Licensing & Standards,400A,Service And Rent,1744319,,1744319
Municipal Licensing & Standards,510A,Contribution To Reserves/Reserve Funds,749348,,749348
Municipal Licensing & Standards,650A,Other Expenditures,250000,,250000
Municipal Licensing & Standards,700A,Inter-Divisional Charges,4566991,,4566991
Municipal Licensing & Standards,750A,Inter-Divisional Recoveries,,-1541461,-1541461
Municipal Licensing & Standards,850A,User Fees & Donations,,-3590964,-3590964
Municipal Licensing & Standards,860A,Licences & Permits Revenue,,-24357930,-24357930
Municipal Licensing & Standards,930A,Contribution From Reserves/Reserve Funds,,-10000,-10000
Municipal Licensing & Standards,940A,Sundry and Other Revenues,,-318881,-318881
Non-Program Expenditures,100A,Salaries And Benefits,55041113,,55041113
Non-Program Expenditures,200A,Materials & Supplies,1125600,,1125600
Non-Program Expenditures,400A,Service And Rent,307964120,,307964120
Non-Program Expenditures,510A,Contribution To Reserves/Reserve Funds,76162600,,76162600
Non-Program Expenditures,650A,Other Expenditures,149396573,,149396573
Non-Program Expenditures,700A,Inter-Divisional Charges,18504182,,18504182
Non-Program Expenditures,850A,User Fees & Donations,,-1952942,-1952942
Non-Program Expenditures,930A,Contribution From Reserves/Reserve Funds,,-159878514,-159878514
Non-Program Expenditures,940A,Sundry and Other Revenues,,-6621288,-6621288
Non-Program Revenues,400A,Service And Rent,5767329,,5767329
Non-Program Revenues,510A,Contribution To Reserves/Reserve Funds,107481000,,107481000
Non-Program Revenues,650A,Other Expenditures,304500,,304500
Non-Program Revenues,700A,Inter-Divisional Charges,3368131,,3368131
Non-Program Revenues,750A,Inter-Divisional Recoveries,,-35299700,-35299700
Non-Program Revenues,805A,Provincial Subsidies,,-42978535,-42978535
Non-Program Revenues,850A,User Fees & Donations,,-1994876,-1994876
Non-Program Revenues,860A,Licences & Permits Revenue,,-4002823,-4002823
Non-Program Revenues,930A,Contribution From Reserves/Reserve Funds,,-91600000,-91600000
Non-Program Revenues,940A,Sundry and Other Revenues,,-1046900691,-1046900691
Office of the Chief Financial Officer,100A,Salaries And Benefits,15431315,,15431315
Office of the Chief Financial Officer,200A,Materials & Supplies,66041,,66041
Office of the Chief Financial Officer,300A,Equipment,9246,,9246
Office of the Chief Financial Officer,400A,Service And Rent,710987,,710987
Office of the Chief Financial Officer,510A,Contribution To Reserves/Reserve Funds,77406,,77406
Office of the Chief Financial Officer,650A,Other Expenditures,500,,500
Office of the Chief Financial Officer,700A,Inter-Divisional Charges,263067,,263067
Office of the Chief Financial Officer,750A,Inter-Divisional Recoveries,,-2707488,-2707488
Office of the Chief Financial Officer,920A,Transfers From Capital,,-1925285,-1925285
Office of the Chief Financial Officer,930A,Contribution From Reserves/Reserve Funds,,-2080839,-2080839
Office of the Chief Financial Officer,940A,Sundry and Other Revenues,,-67092,-67092
Office of the Lobbyist Registrar,100A,Salaries And Benefits,1036130,,1036130
Office of the Lobbyist Registrar,200A,Materials & Supplies,7517,,7517
Office of the Lobbyist Registrar,300A,Equipment,280,,280
Office of the Lobbyist Registrar,400A,Service And Rent,78000,,78000
Office of the Lobbyist Registrar,510A,Contribution To Reserves/Reserve Funds,1578,,1578
Office of the Lobbyist Registrar,700A,Inter-Divisional Charges,600,,600
Office of the Ombudsman,100A,Salaries And Benefits,1493782,,1493782
Office of the Ombudsman,200A,Materials & Supplies,12569,,12569
Office of the Ombudsman,300A,Equipment,13468,,13468
Office of the Ombudsman,400A,Service And Rent,221685,,221685
Office of the Ombudsman,510A,Contribution To Reserves/Reserve Funds,2082,,2082
Office of the Ombudsman,700A,Inter-Divisional Charges,11800,,11800
Office of the Treasurer,100A,Salaries And Benefits,64410453,,64410453
Office of the Treasurer,200A,Materials & Supplies,296975,,296975
Office of the Treasurer,300A,Equipment,114130,,114130
Office of the Treasurer,400A,Service And Rent,8103462,,8103462
Office of the Treasurer,510A,Contribution To Reserves/Reserve Funds,128997,,128997
Office of the Treasurer,650A,Other Expenditures,1482918,,1482918
Office of the Treasurer,700A,Inter-Divisional Charges,2300659,,2300659
Office of the Treasurer,750A,Inter-Divisional Recoveries,,-25310556,-25310556
Office of the Treasurer,850A,User Fees & Donations,,-11935933,-11935933
Office of the Treasurer,920A,Transfers From Capital,,-4584859,-4584859
Office of the Treasurer,930A,Contribution From Reserves/Reserve Funds,,-1677671,-1677671
Office of the Treasurer,940A,Sundry and Other Revenues,,-3400934,-3400934
"Parks, Forestry & Recreation",100A,Salaries And Benefits,288071988,,288071988
"Parks, Forestry & Recreation",200A,Materials & Supplies,37019576,,37019576
"Parks, Forestry & Recreation",300A,Equipment,3416294,,3416294
"Parks, Forestry & Recreation",400A,Service And Rent,67650366,,67650366
"Parks, Forestry & Recreation",510A,Contribution To Reserves/Reserve Funds,10416236,,10416236
"Parks, Forestry & Recreation",650A,Other Expenditures,10087526,,10087526
"Parks, Forestry & Recreation",700A,Inter-Divisional Charges,21514490,,21514490
"Parks, Forestry & Recreation",750A,Inter-Divisional Recoveries,,-7561289,-7561289
"Parks, Forestry & Recreation",805A,Provincial Subsidies,,-789972,-789972
"Parks, Forestry & Recreation",810A,Federal Subsidies,,-3500000,-3500000
"Parks, Forestry & Recreation",850A,User Fees & Donations,,-76683270,-76683270
"Parks, Forestry & Recreation",860A,Licences & Permits Revenue,,-8325925,-8325925
"Parks, Forestry & Recreation",920A,Transfers From Capital,,-6532799,-6532799
"Parks, Forestry & Recreation",930A,Contribution From Reserves/Reserve Funds,,-22867536,-22867536
"Parks, Forestry & Recreation",940A,Sundry and Other Revenues,,-3706003,-3706003
"Policy, Planning, Finance & Administration",100A,Salaries And Benefits,18994536,,18994536
"Policy, Planning, Finance & Administration",200A,Materials & Supplies,1092616,,1092616
"Policy, Planning, Finance & Administration",300A,Equipment,87989,,87989
"Policy, Planning, Finance & Administration",400A,Service And Rent,881232,,881232
"Policy, Planning, Finance & Administration",510A,Contribution To Reserves/Reserve Funds,125721,,125721
"Policy, Planning, Finance & Administration",700A,Inter-Divisional Charges,774878,,774878
"Policy, Planning, Finance & Administration",750A,Inter-Divisional Recoveries,,-9367334,-9367334
"Policy, Planning, Finance & Administration",805A,Provincial Subsidies,,-225000,-225000
"Policy, Planning, Finance & Administration",920A,Transfers From Capital,,-2389912,-2389912
"Policy, Planning, Finance & Administration",930A,Contribution From Reserves/Reserve Funds,,-875,-875
"Policy, Planning, Finance & Administration",940A,Sundry and Other Revenues,,-231165,-231165
Property Tax,510A,Special Levy for Scarborough Subway,24846399,,24846399
Property Tax,940A,Property Tax,,-3848634765,-3848634765
Property Tax,,Special Levy for Scarborough Subway (Reserve Contribution),,-24846399,-24846399
"Shelter, Support & Housing Administration",100A,Salaries And Benefits,68280876,,68280876
"Shelter, Support & Housing Administration",200A,Materials & Supplies,4238261,,4238261
"Shelter, Support & Housing Administration",300A,Equipment,173051,,173051
"Shelter, Support & Housing Administration",400A,Service And Rent,70154451,,70154451
"Shelter, Support & Housing Administration",510A,Contribution To Reserves/Reserve Funds,4841870,,4841870
"Shelter, Support & Housing Administration",650A,Other Expenditures,513551595,,513551595
"Shelter, Support & Housing Administration",700A,Inter-Divisional Charges,1169167,,1169167
"Shelter, Support & Housing Administration",750A,Inter-Divisional Recoveries,,-11250,-11250
"Shelter, Support & Housing Administration",805A,Provincial Subsidies,,-147308363,-147308363
"Shelter, Support & Housing Administration",810A,Federal Subsidies,,-157339042,-157339042
"Shelter, Support & Housing Administration",820A,Other Subsidies,,1,1
"Shelter, Support & Housing Administration",850A,User Fees & Donations,,-472800,-472800
"Shelter, Support & Housing Administration",920A,Transfers From Capital,,-169289,-169289
"Shelter, Support & Housing Administration",930A,Contribution From Reserves/Reserve Funds,,-35588655,-35588655
"Shelter, Support & Housing Administration",940A,Sundry and Other Revenues,,-37045,-37045
"Social Development, Finance & Administration",100A,Salaries And Benefits,14694532,,14694532
"Social Development, Finance & Administration",200A,Materials & Supplies,92479,,92479
"Social Development, Finance & Administration",300A,Equipment,17609,,17609
"Social Development, Finance & Administration",400A,Service And Rent,4713298,,4713298
"Social Development, Finance & Administration",510A,Contribution To Reserves/Reserve Funds,121704,,121704
"Social Development, Finance & Administration",650A,Other Expenditures,29060900,,29060900
"Social Development, Finance & Administration",700A,Inter-Divisional Charges,307196,,307196
"Social Development, Finance & Administration",750A,Inter-Divisional Recoveries,,-498300,-498300
"Social Development, Finance & Administration",805A,Provincial Subsidies,,-4876422,-4876422
"Social Development, Finance & Administration",810A,Federal Subsidies,,-2039101,-2039101
"Social Development, Finance & Administration",930A,Contribution From Reserves/Reserve Funds,,-10523580,-10523580
"Social Development, Finance & Administration",940A,Sundry and Other Revenues,,-108149,-108149
Solid Waste Management Services,100A,Salaries And Benefits,93897682,,93897682
Solid Waste Management Services,200A,Materials & Supplies,5508906,,5508906
Solid Waste Management Services,300A,Equipment,387100,,387100
Solid Waste Management Services,400A,Service And Rent,125369831,,125369831
Solid Waste Management Services,510A,Contribution To Reserves/Reserve Funds,37469158,,37469158
Solid Waste Management Services,650A,Other Expenditures,73035119,,73035119
Solid Waste Management Services,700A,Inter-Divisional Charges,35117352,,35117352
Solid Waste Management Services,750A,Inter-Divisional Recoveries,,-5984239,-5984239
Solid Waste Management Services,805A,Provincial Subsidies,,-22015403,-22015403
Solid Waste Management Services,850A,User Fees & Donations,,-272189187,-272189187
Solid Waste Management Services,920A,Transfers From Capital,,-3327207,-3327207
Solid Waste Management Services,940A,Sundry and Other Revenues,,-67269113,-67269113
Theatres,100A,Salaries And Benefits,10652574,,10652574
Theatres,200A,Materials & Supplies,2032922,,2032922
Theatres,300A,Equipment,436163,,436163
Theatres,400A,Service And Rent,6606268,,6606268
Theatres,505A,Contribution To Capital,952151,,952151
Theatres,510A,Contribution To Reserves/Reserve Funds,1708104,,1708104
Theatres,650A,Other Expenditures,935489,,935489
Theatres,850A,User Fees & Donations,,-12827713,-12827713
Theatres,930A,Contribution From Reserves/Reserve Funds,,-2062340,-2062340
Theatres,940A,Sundry and Other Revenues,,-3088390,-3088390
Toronto & Region Conservation Authority,100A,Salaries And Benefits,32520000,,32520000
Toronto & Region Conservation Authority,200A,Materials & Supplies,4211000,,4211000
Toronto & Region Conservation Authority,300A,Equipment,1252000,,1252000
Toronto & Region Conservation Authority,400A,Service And Rent,1936000,,1936000
Toronto & Region Conservation Authority,805A,Provincial Subsidies,,-1835000,-1835000
Toronto & Region Conservation Authority,850A,User Fees & Donations,,-24799000,-24799000
Toronto & Region Conservation Authority,930A,Contribution From Reserves/Reserve Funds,,-4598000,-4598000
Toronto & Region Conservation Authority,940A,Sundry and Other Revenues,,-5231000,-5231000
Toronto Atmospheric Fund,100A,Salaries And Benefits,953000,,953000
Toronto Atmospheric Fund,200A,Materials & Supplies,20000,,20000
Toronto Atmospheric Fund,400A,Service And Rent,1102000,,1102000
Toronto Atmospheric Fund,650A,Other Expenditures,500000,,500000
Toronto Atmospheric Fund,850A,User Fees & Donations,,-650000,-650000
Toronto Atmospheric Fund,940A,Sundry and Other Revenues,,-1925000,-1925000
Toronto Building,100A,Salaries And Benefits,44512469,,44512469
Toronto Building,200A,Materials & Supplies,202876,,202876
Toronto Building,300A,Equipment,286047,,286047
Toronto Building,400A,Service And Rent,1206912,,1206912
Toronto Building,510A,Contribution To Reserves/Reserve Funds,3303580,,3303580
Toronto Building,650A,Other Expenditures,278488,,278488
Toronto Building,700A,Inter-Divisional Charges,654965,,654965
Toronto Building,750A,Inter-Divisional Recoveries,,-923845,-923845
Toronto Building,850A,User Fees & Donations,,-1628951,-1628951
Toronto Building,860A,Licences & Permits Revenue,,-58172825,-58172825
Toronto Building,920A,Transfers From Capital,,-434264,-434264
Toronto Building,940A,Sundry and Other Revenues,,-40000,-40000
Toronto Employment & Social Services,100A,Salaries And Benefits,187755901,,187755901
Toronto Employment & Social Services,200A,Materials & Supplies,14773718,,14773718
Toronto Employment & Social Services,300A,Equipment,876541,,876541
Toronto Employment & Social Services,400A,Service And Rent,91476581,,91476581
Toronto Employment & Social Services,510A,Contribution To Reserves/Reserve Funds,7828197,,7828197
Toronto Employment & Social Services,650A,Other Expenditures,786426895,,786426895
Toronto Employment & Social Services,700A,Inter-Divisional Charges,24115059,,24115059
Toronto Employment & Social Services,750A,Inter-Divisional Recoveries,,-354355,-354355
Toronto Employment & Social Services,805A,Provincial Subsidies,,-916636763,-916636763
Toronto Employment & Social Services,820A,Other Subsidies,,-6799500,-6799500
Toronto Employment & Social Services,930A,Contribution From Reserves/Reserve Funds,,-15233031,-15233031
Toronto Employment & Social Services,940A,Sundry and Other Revenues,,-17800000,-17800000
Toronto Paramedic Services,100A,Salaries And Benefits,164585965,,164585965
Toronto Paramedic Services,200A,Materials & Supplies,6466792,,6466792
Toronto Paramedic Services,300A,Equipment,1013209,,1013209
Toronto Paramedic Services,400A,Service And Rent,9875558,,9875558
Toronto Paramedic Services,505A,Contribution To Capital,756000,,756000
Toronto Paramedic Services,510A,Contribution To Reserves/Reserve Funds,5966232,,5966232
Toronto Paramedic Services,650A,Other Expenditures,8937,,8937
Toronto Paramedic Services,700A,Inter-Divisional Charges,9436306,,9436306
Toronto Paramedic Services,750A,Inter-Divisional Recoveries,,-894158,-894158
Toronto Paramedic Services,805A,Provincial Subsidies,,-118547465,-118547465
Toronto Paramedic Services,850A,User Fees & Donations,,-1141716,-1141716
Toronto Paramedic Services,920A,Transfers From Capital,,-75000,-75000
Toronto Paramedic Services,930A,Contribution From Reserves/Reserve Funds,,-409503,-409503
Toronto Paramedic Services,940A,Sundry and Other Revenues,,-2344532,-2344532
Toronto Parking Authority,100A,Salaries And Benefits,23278828,,23278828
Toronto Parking Authority,200A,Materials & Supplies,9203872,,9203872
Toronto Parking Authority,300A,Equipment,7370051,,7370051
Toronto Parking Authority,400A,Service And Rent,23006365,,23006365
Toronto Parking Authority,650A,Other Expenditures,71370324,,71370324
Toronto Parking Authority,850A,User Fees & Donations,,-128878837,-128878837
Toronto Parking Authority,930A,Contribution From Reserves/Reserve Funds,,-770000,-770000
Toronto Parking Authority,940A,Sundry and Other Revenues,,-4580603,-4580603
Toronto Police Service,100A,Salaries And Benefits,1028821700,,1028821700
Toronto Police Service,200A,Materials & Supplies,19807600,,19807600
Toronto Police Service,300A,Equipment,3105400,,3105400
Toronto Police Service,400A,Service And Rent,62565888,,62565888
Toronto Police Service,510A,Contribution To Reserves/Reserve Funds,37797489,,37797489
Toronto Police Service,700A,Inter-Divisional Charges,20218912,,20218912
Toronto Police Service,750A,Inter-Divisional Recoveries,,-9956100,-9956100
Toronto Police Service,805A,Provincial Subsidies,,-112245200,-112245200
Toronto Police Service,850A,User Fees & Donations,,-47018800,-47018800
Toronto Police Service,930A,Contribution From Reserves/Reserve Funds,,-22534000,-22534000
Toronto Police Service,940A,Sundry and Other Revenues,,-900000,-900000
Toronto Police Services Board,100A,Salaries And Benefits,969200,,969200
Toronto Police Services Board,200A,Materials & Supplies,7300,,7300
Toronto Police Services Board,400A,Service And Rent,883300,,883300
Toronto Police Services Board,505A,Contribution To Capital,610600,,610600
Toronto Police Services Board,700A,Inter-Divisional Charges,645400,,645400
Toronto Police Services Board,930A,Contribution From Reserves/Reserve Funds,,-750000,-750000
Toronto Public Health,100A,Salaries And Benefits,181685344,,181685344
Toronto Public Health,200A,Materials & Supplies,3767314,,3767314
Toronto Public Health,300A,Equipment,1520758,,1520758
Toronto Public Health,400A,Service And Rent,40090641,,40090641
Toronto Public Health,510A,Contribution To Reserves/Reserve Funds,1487521,,1487521
Toronto Public Health,650A,Other Expenditures,8537753,,8537753
Toronto Public Health,700A,Inter-Divisional Charges,16890139,,16890139
Toronto Public Health,750A,Inter-Divisional Recoveries,,-10541886,-10541886
Toronto Public Health,805A,Provincial Subsidies,,-179589213,-179589213
Toronto Public Health,810A,Federal Subsidies,,-387429,-387429
Toronto Public Health,850A,User Fees & Donations,,-1021746,-1021746
Toronto Public Health,920A,Transfers From Capital,,-3638536,-3638536
Toronto Public Health,930A,Contribution From Reserves/Reserve Funds,,-174281,-174281
Toronto Public Health,940A,Sundry and Other Revenues,,-1698906,-1698906
Toronto Public Library,100A,Salaries And Benefits,141221781,,141221781
Toronto Public Library,200A,Materials & Supplies,26496300,,26496300
Toronto Public Library,300A,Equipment,566799,,566799
Toronto Public Library,400A,Service And Rent,18152446,,18152446
Toronto Public Library,505A,Contribution To Capital,1378000,,1378000
Toronto Public Library,510A,Contribution To Reserves/Reserve Funds,892981,,892981
Toronto Public Library,805A,Provincial Subsidies,,-5695400,-5695400
Toronto Public Library,810A,Federal Subsidies,,-20000,-20000
Toronto Public Library,850A,User Fees & Donations,,-5031700,-5031700
Toronto Public Library,920A,Transfers From Capital,,-312000,-312000
Toronto Public Library,930A,Contribution From Reserves/Reserve Funds,,-3559400,-3559400
Toronto Public Library,940A,Sundry and Other Revenues,,-1897600,-1897600
Toronto Transit Commission - Conventional,100A,Salaries And Benefits,1212667300,,1212667300
Toronto Transit Commission - Conventional,200A,Materials & Supplies,318563899,,318563899
Toronto Transit Commission - Conventional,300A,Equipment,32345400,,32345400
Toronto Transit Commission - Conventional,400A,Service And Rent,78515300,,78515300
Toronto Transit Commission - Conventional,505A,Contribution To Capital,13936000,,13936000
Toronto Transit Commission - Conventional,650A,Other Expenditures,34216000,,34216000
Toronto Transit Commission - Conventional,700A,Inter-Divisional Charges,3576400,,3576400
Toronto Transit Commission - Conventional,850A,User Fees & Donations,,-1206687700,-1206687700
Toronto Transit Commission - Conventional,930A,Contribution From Reserves/Reserve Funds,,-9897500,-9897500
Toronto Transit Commission - Conventional,940A,Sundry and Other Revenues,,-3504300,-3504300
Toronto Transit Commission - Wheel Trans,100A,Salaries And Benefits,57920300,,57920300
Toronto Transit Commission - Wheel Trans,200A,Materials & Supplies,14507100,,14507100
Toronto Transit Commission - Wheel Trans,400A,Service And Rent,42200900,,42200900
Toronto Transit Commission - Wheel Trans,650A,Other Expenditures,684800,,684800
Toronto Transit Commission - Wheel Trans,850A,User Fees & Donations,,-6214300,-6214300
Toronto Transit Commission - Wheel Trans,930A,Contribution From Reserves/Reserve Funds,,-300000,-300000
Toronto Water,100A,Salaries And Benefits,171294425,,171294425
Toronto Water,200A,Materials & Supplies,101530390,,101530390
Toronto Water,300A,Equipment,2343378,,2343378
Toronto Water,400A,Service And Rent,67032605,,67032605
Toronto Water,510A,Contribution To Reserves/Reserve Funds,667049840,,667049840
Toronto Water,650A,Other Expenditures,19958366,,19958366
Toronto Water,700A,Inter-Divisional Charges,67445885,,67445885
Toronto Water,750A,Inter-Divisional Recoveries,,-25000,-25000
Toronto Water,850A,User Fees & Donations,,-39831361,-39831361
Toronto Water,920A,Transfers From Capital,,-2667146,-2667146
Toronto Water,930A,Contribution From Reserves/Reserve Funds,,-195000,-195000
Toronto Water,940A,Sundry and Other Revenues,,-1038416542,-1038416542
Toronto Zoo,100A,Salaries And Benefits,28944770,,28944770
Toronto Zoo,200A,Materials & Supplies,8137539,,8137539
Toronto Zoo,300A,Equipment,335899,,335899
Toronto Zoo,400A,Service And Rent,12135532,,12135532
Toronto Zoo,510A,Contribution To Reserves/Reserve Funds,1040427,,1040427
Toronto Zoo,805A,Provincial Subsidies,,-1011500,-1011500
Toronto Zoo,850A,User Fees & Donations,,-36565403,-36565403
Toronto Zoo,920A,Transfers From Capital,,-171000,-171000
Toronto Zoo,930A,Contribution From Reserves/Reserve Funds,,-386000,-386000
Toronto Zoo,940A,Sundry and Other Revenues,,-721200,-721200
Transportation Services,100A,Salaries And Benefits,99098510,,99098510
Transportation Services,200A,Materials & Supplies,42961268,,42961268
Transportation Services,300A,Equipment,601528,,601528
Transportation Services,400A,Service And Rent,168520132,,168520132
Transportation Services,510A,Contribution To Reserves/Reserve Funds,23841701,,23841701
Transportation Services,650A,Other Expenditures,795009,,795009
Transportation Services,700A,Inter-Divisional Charges,14538393,,14538393
Transportation Services,750A,Inter-Divisional Recoveries,,-8728149,-8728149
Transportation Services,850A,User Fees & Donations,,-37562485,-37562485
Transportation Services,860A,Licences & Permits Revenue,,-6176070,-6176070
Transportation Services,920A,Transfers From Capital,,-26997481,-26997481
Transportation Services,930A,Contribution From Reserves/Reserve Funds,,-22414099,-22414099
Transportation Services,940A,Sundry and Other Revenues,,-40961343,-40961343
Yonge-Dundas Square,100A,Salaries And Benefits,569957,,569957
Yonge-Dundas Square,200A,Materials & Supplies,189493,,189493
Yonge-Dundas Square,300A,Equipment,40000,,40000
Yonge-Dundas Square,400A,Service And Rent,1463723,,1463723
Yonge-Dundas Square,510A,Contribution To Reserves/Reserve Funds,2773,,2773
Yonge-Dundas Square,850A,User Fees & Donations,,-1000000,-1000000
Yonge-Dundas Square,860A,Licences & Permits Revenue,,-345000,-345000
Yonge-Dundas Square,940A,Sundry and Other Revenues,,-527649,-527649
,,,,,15519749
